CAJ LAD.MY TEA BROSK.0,33L PL;9008700157797;0.69
CAJ LAD.MY TEA BROSK.0,5L PET;90020759;0.99
CAJ LAD.MY TEA BROSK.1,5L PET;90169076;1.55
CAJ LAD.MY TEA CERN.0,5L PET;9008700118637;0.99
CAJ LAD.MY TEA CIT.0,5L PET;90020742;0.99
CAJ LAD.MY TEA CITR.0,33L PL;9008700192972;0.69
CAJ LAD.MY TEA CITR.0,355L PL;90087301;0.65
CAJ LAD.MY TEA CITR.1,5L PET;90169069;1.55
CAJ LAD.MY TEA GREEN 0,5L KOF;9008700180139;0.99
CAJ NATIVA ZEL,BROS.1,5L PET;9008700126014;1.55
CAJ NATIVA ZEL,BROSK.0,5L PET;9008700125741;0.95
CAJ NATIVA ZEL,CITR.0,33L PL;9008700200417;0.69
CAJ NATIVA ZEL,GINKO 0,5L KOF;90169090;0.99
CAJ NATIVA ZEL,GINKO 1,5L PET;9008700133326;1.55
CAJ NATIVA ZEL.CITR.0,5L PET;90020858;0.99
CAJ NATIVA ZEL.CITR.1,5L PET;9008700111584;1.55
CITRONKA LEM.100%1L CULINARY;9008700105392;2.79
DZUS BRAVO MULT.50%0,33L PL;9008700200370;0.69
DZUS BRAVO POM.50%0,33L PL;9008700200394;0.69
DZUS HAPPY ACE VIT.30%2L TP;9008700174206;3.45
DZUS HAPPY ANANAS 100% 1L;90087769;1.65
DZUS HAPPY BRUS.30%1L;9008700128971;1.79
DZUS HAPPY CERV.HROZ.100%1L;9008700149082;1.65
DZUS HAPPY CIER.RIB.25%2L;9008700175296;3.45
DZUS HAPPY FAM.ANAN.55%1L;9008700181808;1.35
DZUS HAPPY FAM.BROSK.35%1L;9008700181747;1.35
DZUS HAPPY FAM.CIER.RIB.25%1L;9008700181860;1.35
DZUS HAPPY FAM.HRUSKA 35%1L;9008700181761;1.35
DZUS HAPPY FAM.JAH.35%1L;9008700181785;1.35
DZUS HAPPY FAM.MULT.C.OV.25%1L;9008700181822;1.35
DZUS HAPPY GREP 100%1L;90087806;1.65
DZUS HAPPY JAB.100%0,2L;9008700112505;0.42
DZUS HAPPY JABLKO 100%1L;90087011;1.65
DZUS HAPPY JABLKO 100%2L;90169946;3.15
DZUS HAPPY JAHODA 50% 1L;9008700120258;1.79
DZUS HAPPY LYCHEE 30%1L;9008700148146;1.79
DZUS HAPPY MANGO 26%1L;9008700108829;1.79
DZUS HAPPY MARH.40%1L;9008700140706;1.79
DZUS HAPPY MULT.RED100%1L TP;9008700146982;1.65
DZUS HAPPY MULT.RED100%2L;9008700173889;3.15
DZUS HAPPY MULTIV.100%1L;90087493;1.65
DZUS HAPPY MULTIV.100%2L;90087653;3.15
DZUS HAPPY PARAD.100%1L;90087547;1.65
DZUS HAPPY POM.100% 0,2L;9008700112482;0.42
DZUS HAPPY POM.DUZ.100%1L;9008700106665;1.65
DZUS HAPPY POMAR.100%1L;90087066;1.65
DZUS HAPPY POMAR.100%2L;90169861;3.15
DZUS HAPPY R.GREP DUZ.100%1L;9008700108393;1.79
DZUS HAPPY RED FRUIT 100%0,2L;9008700143035;0.42
DZUS HAPPY VISNA 50%1L;9008700111546;1.79
DZUS JUPIK CER,BAN,POM.0,2L;8595231208094;0.38
DZUS JUPIK JAH,JAB,KIWI 0,2L;8595231208056;0.38
DZUS JUPIK POM,MRK,CIT.0,2L;8595231208070;0.38
DZUS SONNY JAB.100%1L TP;90169564;1.35
DZUS SONNY MULT.100%1L;90020537;1.35
DZUS SONNY POM.100%1L;90169571;1.35
EN.N.SEMTEX EXPL.0,25L KOF;8594006180160;1.25
EN.N.SEMTEX FORTE 0,5L PL;8594006180504;1.55
EN.N.SEMTEX GR.JAB.0,5L PL;8595231207097;1.55
EN.N.SEMTEX HIGH 0,25L PL;8595231210318;1.25
EN.N.SEMTEX HIGH 0,5L;8595231210219;1.55
EN.N.SEMTEX KRV.POM.0,5L PL;8595231208292;1.55
EN.N.SEMTEX ORIG.0,5L PL;8594006180788;1.55
IZ.N.ISOTONIC CIT.0,5L PET;90020766;1
IZ.N.ISOTONIC L.PL.0,5L PET;9008700136860;1
MIN.BADOIT 0,5L PET KOF;3068320111179;1.29
MIN.EVIAN 1,5L PET KOF;3068320085005;1.95
MIN.EVIAN PRESTIGE 0,5L PET;3068320055008;1.29
MIN.KLASTOR.KALCIA J.SYT 0,5L;8586019830477;0.75
MIN.KLASTOR.KALCIA J.SYT 1,5L;8586019830088;0.85
MIN.KLASTOR.KALCIA SYT 0,5L;8586019830453;0.75
MIN.KLASTOR.KALCIA SYT 1,5L;8586019831092;0.85
MIN.RADENSKA CL.0,5L PET;3830000620871;0.49
MIN.RADENSKA EX.BUB.0,5L PET;3830065020241;0.49
MIN.RADENSKA LIT.BUB.0,5L PET;3830065020227;0.49
MIN.RAJEC BAZ.KV.NES.1,5L PET;8586011331644;0.85
MIN.RAJEC BRUS.J.S.0,75L;85817999;0.8
MIN.RAJEC BRUS.J.S.1,5L PET;8586011331088;0.85
MIN.RAJEC EGRES 0,75L PET;85818002;0.8
MIN.RAJEC EGRES 1,5L PET;8586011331132;0.85
MIN.RAJEC GAST.J.S.1,5L PET;8586011330746;0.85
MIN.RAJEC J.SYT.0,33L PET;85817456;0.52
MIN.RAJEC J.SYT.0,75L PET;85815476;0.69
MIN.RAJEC J.SYT.1,5L PET;8586011330029;0.55
MIN.RAJEC KOJEN.1,5L PET;8586011331101;0.55
MIN.RAJEC KYSLIK J.S.0,75L;85817289;0.69
MIN.RAJEC L.JAH.J.SYT.1,5L PET;8586011331477;0.85
MIN.RAJEC MAL,OSTR.JS 075L PET;85822283;0.8
MIN.RAJEC MAL.J.SYT.1,5L PET;8586019830439;0.85
MIN.RAJEC MAT,BAZ.NES.075L PET;85822276;0.8
MIN.RAJEC MAT.DUS.NES.075L PET;85816381;0.8
MIN.RAJEC MAT.DUS.NES.1,5L PET;8586011330296;0.85
MIN.RAJEC MATA J.SYT.1,5L PET;8586011331507;0.85
MIN.RAJEC MATA NES.0,75L PET;85820517;0.8
MIN.RAJEC MATA NES.1,5L PET;8586011331750;0.85
MIN.RAJEC NESYT.0,33L PET;85816374;0.52
MIN.RAJEC NESYT.0,75L PET;85815483;0.69
MIN.RAJEC NESYT.1,5L PET;8586011330036;0.55
MIN.RAJEC PUPAVA NES.0,75L PET;85816503;0.8
MIN.RAJEC PUPAVA NES.1,5L PET;8586011330333;0.85
MIN.RAJEC SALVIA NES.1,5L PET;8586011330340;0.85
MIN.RAJEC SIP,ZAZ.NES.075L PET;85822313;0.8
MIN.RAJEC SIPKA NES.1,5L PET;8586011330623;0.85
MIN.RAJEC SYT.KYSLIK 1,5L PET;8586011330012;0.55
MIN.RAJEC TRN,RIB.JS 075L PET;85822320;0.8
MIN.SARATICA 0,5L;8594731900064;1.5
NEALKO ARCTIC ANAN.0,75L PET;8586019832983;1.19
NEALKO ARCTIC GREP 0,75L PET;8586019830323;1.19
NEALKO ARCTIC HRUS.0,75L PET;8586019838251;1.19
NEALKO ARCTIC MAND.0,75L PET;8586019830293;1.19
NEALKO BRAVO JAH.5%0,5L PET;9008700152907;0.99
NEALKO BRAVO MANGO 0,5L PET;9008700180559;0.99
NEALKO BRAVO MULT.12%05L PET;90020735;0.99
NEALKO BRAVO POM.10%0,5L PET;90020315;0.99
NEALKO BRAVO Z.JAB.12%0,5L PET;9008700121965;0.99
NEALKO CAFEMIO CAP.0,25L PET;90169533;1.55
NEALKO CAFEMIO MACCH.0,25L  PE;90169540;1.55
NEALKO JUPIK AQUA CIT.0,5L PET;8594003843815;0.79
NEALKO JUPIK AQUA JAB.0,5L PET;8594003843808;0.79
NEALKO JUPIK AQUA JAH.0,5L PET;8594003843822;0.79
NEALKO JUPIK AQUA MAL.0,5L PET;8594003847684;0.79
NEALKO JUPIK AQUA POM.0,5L PET;5900805006328;0.79
NEALKO JUPIK FF JAB.0,33L KOF;8594003842412;0.6
NEALKO JUPIK CH.COLA HF 0,33L;8594003840340;0.6
NEALKO JUPIK JAH.HF 0,33L KOF;8594003848858;0.6
NEALKO JUPIK MULT.HF 0,33L KOF;8594003848872;0.6
NEALKO JUPIK POM.HF 0,33L KOF;8594003848865;0.6
NEALKO KOFOLA BYLIN.1,5L;8594003846212;0.85
NEALKO KOFOLA CIER.RIB0,25L PL;8595231208278;0.59
NEALKO KOFOLA CIT.0,5L PL;8595231211179;0.95
NEALKO KOFOLA CIT.2L KO.;8594003841873;1.25
NEALKO KOFOLA EGRES 0,5L;8595231210110;0.99
NEALKO KOFOLA LIG.2L;8594003843914;1.25
NEALKO KOFOLA MAL.0,5L;8595231208315;0.99
NEALKO KOFOLA MARH.0,5L;8594003848346;0.99
NEALKO KOFOLA MARH.1,5L;8594003848636;0.85
NEALKO KOFOLA MED 2L;8595231212206;1.25
NEALKO KOFOLA MELON 0,5L;8594003848629;0.99
NEALKO KOFOLA OR.0,25L PL;8594003840777;0.59
NEALKO KOFOLA OR.0,5L;8594003849626;0.99
NEALKO KOFOLA OR.0,5L PL;8595231210653;0.95
NEALKO KOFOLA OR.1,5L;8594003845987;0.85
NEALKO KOFOLA OR.1L;8594003842153;1.9
NEALKO KOFOLA OR.2,25L;8595231210080;1.65
NEALKO KOFOLA OR.2L;8594003849602;1.25
NEALKO KOFOLA VANIL.1,5L;8594003846946;0.85
NEALKO KOFOLA VIS.0,5L;8594003845666;0.99
NEALKO KOFOLA VIS.2L;8594003847110;1.25
NEALKO ORANGINA ZLTA 0,5L KOF;8594003844782;1.9
NEALKO RC COLA CLAS.0,33L PL;8595231209329;1.19
NEALKO RC COLA CLAS.0,5L PET;8595231209817;1.25
NEALKO RC COLA SLIM 0,33L PL;8595231209503;1.19
NEALKO TOP TOPIC CIT.0,5L;8594003848605;0.99
NEALKO VINEA B.0,25L PL;8586011330159;0.62
NEALKO VINEA B.0,5L;8586011330487;1.1
NEALKO VINEA B.1,5L;8586011330463;1.29
NEALKO VINEA C.0,5L;8586011330494;1.1
NEALKO VINEA C.1,5L;8586011330470;1.29
NEALKO VINEA FRIZ.0,25L PL;8586019830040;0.62
NEALKO VINEA FRIZ.1,5L;8586019830262;1.29
NEALKO VINEA TRAMIN C.1L PET;8586019831009;1.39
SIRUP JUPI ANANAS 0,7L;8595231210790;3.49
SIRUP JUPI CIER.C,BROS.0,7L;8595231210752;3.49
SIRUP JUPI CIER.C,CITR.0,7L;8595231210738;3.49
SIRUP JUPI JAHODA 0,7L PET;8594003840203;1.99
SIRUP JUPI KOKT.ANAN.PINA 07L;8595231208391;2.49
SIRUP JUPI KOKT.CERES.MAI 07L;8595231208353;2.49
SIRUP JUPI KOKT.MEL.MOJITO07L;8595231208452;2.49
SIRUP JUPI KOKT.MOJITO 07L;8595231208438;2.49
SIRUP JUPI LES.ZMES 0,7L PET;8594003840210;1.99
SIRUP JUPI LES.ZMES 10L;8594003847134;23.99
SIRUP JUPI MALINA 0,7L;8594003840227;1.99
SIRUP JUPI MALINA 10L;8594003843273;23.99
SIRUP JUPI MULTIV.0,7L PET;8594003840258;1.99
SIRUP JUPI POMAR.0,7L PET;8594003840173;1.99
SIRUP JUPI SUPLAH.BAZ.KV.0,7L;8595231209404;3.49
SIRUP JUPI SUPOV.JAB.0,7L;8595231209428;3.49
SIRUP JUPI SUPOV.JAH,JAB.0,7L;8595231209541;3.49
SIRUP JUPI SUPOV.ZAHR.OV.0,7L;8595231209466;3.49
